{"cameraMode":{"drawMode":0,"name":"Shaded","section":"Shading Mode"},"sceneLighting":true,"audioPlay":false,"sceneViewState":{"m_AlwaysRefresh":false,"showFog":true,"showSkybox":true,"showFlares":true,"showImageEffects":true,"showParticleSystems":true,"showVisualEffectGraphs":true,"m_FxEnabled":true},"in2DMode":false,"pivot":{"x":29.31416893005371,"y":3.2133877277374269,"z":-1.1325955390930176},"rotation":{"x":0.03987770527601242,"y":-0.919745922088623,"z":0.09726732969284058,"w":0.3783789575099945},"size":0.6721643209457398,"orthographic":false}